image_filename,lp_id,license_plate_bbox,license_plate_bbox_score,license_number,license_number_score,edge_detection_type,edge_detection_time_us
NGP3944.jpg,1.0,[421.8477783203125 326.1531982421875 1158.382568359375 622.577392578125],0.955122709274292,NGP3946,0.6000900268554688,canny,3.397000e+00,0.0034,3.3970,3397.0000
